image,xmin,ymin,xmax,ymax,label
img_1001.jpg,4.042908224076282,5.9677734375,1689.9356376638857,676.8844401041667,A
img_10.jpg,682.6030036407767,2.542483660130719,1042.5350424757282,495.78431372549016,B
img_100.jpg,0,0,500,261,C